"session_id","name","exotel_call_sid"
"74a6a1b0-3a8b-4ab6-993f-a41f57f82a73","Anushka","ca82d61cb5df148becaff74709c8195m"
"de8f8c93-884f-401a-a18f-9810c0d63c3b","Anushka","2daefcedbdfef56495233e679d43195l"
"9b83acf1-1127-4399-acc3-745e78cea62b","Anushka","21b228270628b6ec10f3abc98f78195l"
"b11318c8-b40f-4fe7-80d3-ac1c8ab5d5ae","Anushka","43a1c9eecf1bfd2dadb7d5e6ee74195l"
"5515a6d5-7375-443d-9d7b-8ef4016bc50b","Anushka",NULL
"c8eca338-d5d5-40bc-ae71-d2b04ff56ae6","Anushka",NULL
"a380ff16-d011-4e83-83e7-faacf70d1f77","Anushka",NULL
"d505827d-49c4-48c8-9aa7-4aa576fe46d9","Anushka",NULL
"e62cadd8-6323-4e8c-a1bb-84f4963f2152","Ayush ","b3878459ba95d6b71e86e0a470a5195f"
"82455118-4b75-4daa-a02d-b8d51ea1fedc","Ayush ","cf5086d3a18850fe24ddf72efcae195f"
"5d0a87af-44c1-4126-9c08-f31ab0082fbd","Vishnu Vardhan",NULL
"c1ccd3e2-9959-41c9-bda8-ca6d435808ea","Ayush ","582b94dce052edbb8a065bb0ac6f195f"
"2904fe05-68e1-44d1-bb8e-8fe82b3a794c","Ayush ","500d4e8fe0605f3f3b7160335b31195f"
"bbcd497a-867a-4664-ba85-747b5297a623","Ayush ","b568382d8dce98d8ec7ca052415a195f"
"9092cd9c-0e33-4642-a83f-6d52994db1d7","Vishnu Vardhan","6a4e3428576fb17bb065f7b96cf4195f"
"fa11625a-7ef5-4d0c-9e09-4bf30b4ff60d","Vishnu Vardhan","c648c504192856282ec580040597195f"
"2c990167-d533-4bf3-889a-fae9ccd097ff","Vishnu Vardhan","49f51a1afaa0bc930e47824874d0195f"
"589a2dcd-d44d-4503-ba81-63fdd9503cd4","Vishnu Vardhan","d9c91e3e30eeb4894471783684bd195f"
"88c3d343-a69e-465d-bf89-36653d2a0874","Vishnu Vardhan","bfc6744be2c2ec3b30ab443f4c3a195f"
"71722bb2-ae99-4465-8268-05fd69c9d7a7","Vishnu Vardhan","42069aa4c0f9b35d2d8c84c2d93e195f"
"6119c82c-6db4-4b72-8d6e-e98321f2f241","Vishnu Vardhan","c2ab2d9daa9e05b304e0c2ed055a195f"
"970c59bd-5a73-40ab-82d8-6fb141caf44e","Vishnu Vardhan","9dec778772720565e538aa44064b195f"
"0659e423-2018-4bc2-8323-bae2276a897b","Vishnu Vardhan","741041099a72964861a0b0160755195f"
"e6d568f6-36f7-4a36-9c4d-ebd2bac065f8","Vishnu Vardhan","46fc42107d9766aa8b2fba172915195f"
"29068205-9d43-4681-a0cf-d2d770bda4e0","Vishnu Vardhan",NULL
"d20e3d08-3836-4a04-9cc5-bb554b5ca345","Ayush ","f4d6b202fcbfd3a8b22b7eaf1254195f"
"7cc2bd9e-da70-4123-8949-86fc338d5568","Vishnu Vardhan","79cd3d3d265c951a57de2f54ea1d195f"
"df6a761b-2567-46ff-8af9-ccc7eac55540","Vishnu Vardhan",NULL
"93f12d1a-3b8d-47f4-a20a-c927c594d167","Vishnu Vardhan",NULL
"52464d28-eb1c-4507-8e41-d7232562fde8","Vishnu Vardhan",NULL
"438818ec-4728-4836-acc8-9e1a73d9f26d","Ayush ","a3b2c80ab026f51411b36e3fe479195e"
"ca8992c9-6049-4b3a-a803-a64a55c4980c","Ayush ","174906aaffa72b56654fe20c4922195e"
"c8d35855-dd53-4007-aa99-a7cdd24117ad","Vishnu Vardhan",NULL
"0e717b59-5c95-4803-9026-6b6fa286a415","Vishnu Vardhan","f4cf69b67ec0ef50fb164fb74041195e"
"a722f817-68e6-4f16-a23c-c51ec0efeeb1","Vishnu Vardhan","2c78f5954c71093bb6eff3d57d26195e"
"336db218-fcf2-4e36-970a-b0ac1260cccf","Vishnu Vardhan","bf4032e1c0ca18c5b56591024fce195e"
"827e981f-6343-4f2a-8a99-db26a3c5bb50","Ayush ",NULL
"70f14074-e1ae-4052-9700-36a0d9494a5b","Ayush ",NULL
"15ab4d50-8fc7-45a2-a3e6-72ddc4687698","Ayush ",NULL
"1f0239aa-4dcb-418b-921d-ec831d420bb2","Ayush ",NULL
"9eda9c4e-50fa-4008-9ec1-9209b9b3c4b9","Ayush ",NULL
"d0ce84ee-bfce-45cd-98e7-107251ae399c","Ayush ",NULL
"de245201-2e25-4fb7-be01-32319cd1f72c","Ayush ","5e1bd16f388cc772c1ae9a9bae6f1958"
"8d6bc2a3-7a41-474d-b622-00cd84a115c7","Jahanvi",NULL
"74f7fb5b-4371-45a8-be84-61ccd762108e","Jahanvi","adc606921b4eb178c2f8c25422421958"
"73be96db-8be6-4990-88bc-145f00b5174a","Jahanvi",NULL
"11c7db88-a479-4684-ab67-3c90a11311d6","Ayush ","44305a6cf12c81e48fea44b16edf1958"
"525c992e-657c-4daf-a706-6ee2b02d3833","Ayush ","d86fa52280f21f0a00292468218d1958"
"62da72d2-19e8-4b78-ba70-21c5fde3035a","Ayush ","bfbeebfac7598e6882852634792e1958"
"dceb0e7c-6ffb-4d58-8caf-62af514f8d71","Ayush ","32ecddad1bc0ddbb9c42e2441aeb1958"
"e965631f-56a3-4d60-a14f-7fa1a2eeeea2","Ayush ","e1372430eeb2a4e1749fde5f12301958"
"3e9076cb-9d61-4ea1-a55b-ad72f0e79ecf","Ayush ","4a6f70c84ff32ff378590c043bb81958"
"07137972-3e33-4989-86b4-490d7700d4f3","Vishnu Vardhan","5ea5f4cf4844ac148c4b798fe1321958"
"baaf7346-c67e-487b-8641-e4e87014dc04","Vishnu Vardhan","13ba7530484b0786da3c81af47cf1958"
"43e3e039-af8f-4a39-982a-d3a655c4f0f3","Akhilesh","2eb66dd978ae69816b9ebaac2bfc1958"
"d0da3bf8-1e17-4d8c-a168-e801b94fce9d","Akhilesh","6e5363d8b7dffbd8c0978ec0f79f1958"
"22006272-03ef-47bf-ae91-4296e6c36fb6","Ayush ",NULL
"fab8d21f-3931-44d0-b440-638e09bd0bfc","Ayush ","c8f582b6a538d5446c9888820e7c1957"
"b39e8405-c07d-4c68-9635-a1b2c8a07ae7","Ayush ","64b9899fd3afe7f81b15ef0d12221957"
"d8ea8f35-b6bf-42b3-ba40-9f55908e1afe","Ayush ","9b4795b6442f0933ea3f5f0ae8ad1957"
"9161bb4a-b165-4143-b339-ab19db4bd9c5","Ayush ","8ab2e99703b94b6dcc9148fa6c821957"
"796278a5-ce21-41b3-b9ec-d3c881146495","Ayush ","5ab1d3ead2efbc4a0c1cac3e34f91957"
"5ff2c873-07b4-4aac-8a7c-e24a59db51a8","Ayush ","967079a48132461354e4a5aef60c1957"
"7cc5468c-84b6-4070-bfe7-f5af836852e7","Ayush ","039d3cce1040cc6cefdad0f32fcf1957"
"05558a37-150d-469e-9fef-a1d2f389ea67","Ayush ","f91f1a6f19cb81456c79319a23dc1957"
"88982f7c-2d0a-4bd2-ac54-43952ab97905","Ayush ","c089fa89d12508532875736697831957"
"120b3dad-6b88-4d7f-b418-c06c0a4d2a7d","Ayush ","19d81de3470bc6471361c663a18f1957"
"58848702-fccd-4dd6-8098-feb58d782467","Vishnu Vardhan","8deb7cee48135c10024bc42007db1957"
"bcc998b4-4404-46bf-811b-5913d5bb1b8f","Ayush ","c586df2c7668ac1a67adab9653901957"
"db41005e-b6c6-4217-b500-bf755a29da72","Ayush ","88995fedac6b085a0ca3550529901957"
"36a9c1ef-8b01-41d1-82a5-221ea1e05751","Ayush ","7b75f800f0c645283b6381849d2d1957"
"93d4233a-6359-425d-9e2e-5a22a8116198","Adit Lal","928afbc44a326e5c2491dfef57e11957"
"a13f4759-1ba4-4bef-825d-7026868213e4","Adit Lal","961cdfead199e5e0480aa817105d1957"
"41ef8937-2a95-4ddb-957a-db77d1979bb0","Adit Lal",NULL
"d94f4ebc-e4ad-4db8-9cd9-549573f9caf1","Ayush ","8ff7d7a5da96cfe731c7c4112ae31957"
"314a176f-eba4-4940-9744-0a928a6e5d09","Ayush ","c4cbe4eef4e288d417875a20782a1957"
"671fa8a7-fefd-4f31-a2cb-4437df5ea0a2","Vishnu Vardhan",NULL
"383162e4-94af-4897-adf0-8b3ad32e6067","Vishnu Vardhan","979659cf4b859ebf6b3d02a4c3a41957"
"0cd5ad97-65e9-44b3-be95-8adccfde5483","Vishnu Vardhan",NULL
"e358ffc8-43e9-4ded-bd14-f8407058a0ce","Vishnu Vardhan","5374ac812ca61e08470913dfca1c1957"
"c0a82848-58d8-4b5c-aff7-46b50ce86966","Vishnu Vardhan",NULL
"7599dda3-559c-4ae7-b160-314c36a71057","Vishnu Vardhan","e610f0e702c3036f3b8aa1f64ff51957"
"f7db9b5c-4ec4-4b12-a58b-8419f3d37895","Vishnu Vardhan","eba82c489a89baf40a78b06faef91957"
"2399f1e0-f7ce-420e-929e-5d44867180e4","Vishnu Vardhan","1316f13fe5e9c777ddcb7871723c1957"
"18c07d79-0228-4708-8840-3d9030dece1e","Vishnu Vardhan","d82c5f9159072a021d6083bf192c1957"
"3a4479bf-dc0e-4815-acca-146fa391c4a2","Vishnu Vardhan","ecba7ab0c436124320fdefc775dd1957"
"ad33e0ee-6d34-42fc-baaa-99ea797a9dcc","Vishnu Vardhan","811ae60568e9d83163229cf06fe71957"
"d020c30f-7771-4a92-a4f7-eb24ea3c0e92","Vishnu Vardhan","ae768faaa08c41a4c4caa7039b391957"
"e56efc75-c2dd-4dfb-b720-ff8bfb7a343f","Vishnu Vardhan","0b2b2055e64cfb507f4c7ef503601957"
"2669313d-0ebd-4270-94fa-d5ebbe8b0067","Vishnu Vardhan","c7e1f552e26289b457f88a7d81731957"
"87a0018c-0535-49d2-a873-ccbcd6f63382","Vishnu Vardhan","c2219f143f5708713d5998e94b831957"
"410064f1-f295-4db1-95db-cdb02ec2d389","Vishnu Vardhan","428d56b615869bfc7eba9e9e43da1957"
"3bfb6da3-bbc3-48d0-b585-52c674b60c96","Vishnu Vardhan","f78f05c5bbedac08b6c71219c3e41957"
"51c2847b-1aa3-496d-92c8-caa1d4a3e816","Vishnu Vardhan","9b58e3607c4759b960778cee951c1957"
"295ca3a1-573a-4e70-8bec-bb14975c2bd3","Vishnu Vardhan","070dce7041b9d48675b0651fc72c1957"
"eaa142bb-ea2c-4692-b163-566ba300ed42","Vishnu Vardhan","e1749cc036bf905f622a2842c53a1957"
"3796e1b6-c070-4be9-95c7-8acea6f0d1a0","Vishnu Vardhan","9d05e0325909defefbcb693b44b31957"
"03e2dbfe-5199-4f15-b050-370447a3f153","Vishnu Vardhan","31e3b163562202da37b863ee07f41957"
"a68ade5b-0ae2-4548-bad3-e2261f2f4ba9","Vishnu Vardhan","8a2eeb695f593b9004e579531d9a1957"
"287946e8-44d0-4f55-82f8-2b2e62d80f0d","Vishnu Vardhan","8f2091c05285318f979539ba4cdf1957"
"87b2f1d0-ee72-463b-8863-7e21d9eba075","Vishnu Vardhan","4b0ba09e614816b856596826570e1957"
"e75f97bd-e923-4e8f-bcdc-312f62c8a842","Vishnu Vardhan","66429d2b78f18811ed2f74a23d3d1957"
"7bef0f7e-4c8f-49be-9a14-f0a7fec72fea","Vishnu Vardhan","b1d2c8e9b872fcee6a5dac7d5c1b1957"
"51bab32d-7b3e-4c9c-acd5-80b3f2287b37","Vishnu Vardhan","0589af16148554efc11f8383c8071957"
"feb8db77-2553-4595-9c7d-203ae6ed0339","Vishnu Vardhan","75a99529d7e8ec8f99c8131acb2f1957"
"c91d8d92-22a8-4f60-b6b4-d8bce2cd2158","Vishnu Vardhan","99551438345ef273b2ca50310ae91957"
"0b264713-cd7d-4caa-ba4b-c4db5100a6d4","Vishnu Vardhan","66bb5a9426e2a3ceb5c062b9ff1c1957"
"0ca87f5d-7dca-4f5a-8e35-209ba65e78e3","Vishnu Vardhan","a7f2b5b7dbd19cc605e81bcb486b1957"
"21006fe1-685e-4c73-bfc0-2326c87751ab","Vishnu Vardhan",NULL
"cda86de9-a972-41de-ae68-8d30fefb2101","Vishnu Vardhan","d9b974405697328219e07b8ed2c61957"
"34867727-3b11-451f-997d-78dddc708042","Vishnu Vardhan","cc97bcb6af5087edb57a5bdc8a2e1957"
"1e5dda31-5796-41fc-9bd2-e370aac7a374","Vishnu Vardhan","208bf0b2efa97f86d9838eb49cb21957"
"4331b72c-1c29-4b74-8a4d-10969126f7d0","Vishnu Vardhan","1c3dd45f8adc2fdb18d1231690fa1957"
"5c4b721a-af10-49f6-8281-e733d69c8135","Vishnu Vardhan","128321eac8e3142a8e848a26719f1957"
"56402762-b14b-4e20-862c-a43fc73eb0b3","Vishnu Vardhan","f328974764b4de704c7b5fa8a6811957"
"438ed46a-eff6-4ff4-be22-2e99264d8e10","Vishnu Vardhan","1a855efd653c2560dfd4cf7c070c1957"
"3bf46b6f-e267-4b5f-aa8d-1f0d6f079202","Vishnu Vardhan","c82754d2fb35d0dd702a51e4ceae1957"
"b988f201-ef96-42ac-9845-0d1ecfbdb848","Vishnu Vardhan","f62802780c9bb1de39a695dfe9391957"
"1672c2b0-4fde-483e-910e-20ba70f70587","Vishnu Vardhan","c95061c77d3c5af18344955a7d361957"
"1c9f6f4b-5243-4fa9-90be-7e312e6939e9","Vishnu Vardhan","dd85684cc2745c24cccbd00b1cd71957"
"7f39427d-b1c3-4723-8921-e2fe7ba39ed3","Vishnu Vardhan","39c74bbd4bcc082a8ec4b1d103b71957"
"fb5c7c16-e82c-4ffa-b626-f5b9ee97da80","Vishnu Vardhan","d0db73d7e89ef31dcf88a15be3261957"
"97130339-36e5-458f-8b49-6748b2e87e83","Vishnu Vardhan","93e48ba16566159d4ba5010be5821957"
"2866036e-7c2a-4571-b7db-aa081e134b45","Vishnu Vardhan","5b6e05b1f73cd51ac3d58e4791ed1957"
"b7f7838a-16c3-4775-94da-b46136c766d5","Vishnu Vardhan","d7a4159c76accf4f54efefcde4491957"
"34b5a72a-f897-4afc-9de3-e65f9b53c3bc","Vishnu Vardhan","147c4e341b23aad2dd1b491af5851957"
"38f7f85f-b234-4542-9ed7-b7e29c6988f8","Vishnu Vardhan","8c4bac5fc5015eda7a3c18e7e3031957"
"a32df191-f57e-4211-94b7-e9c2cafe4dd5","Vishnu Vardhan","1c4fd77d6c369f28d243bfab79cf1957"
"66a7e01c-3e51-4888-b5d2-c9d464786fb7","Vishnu Vardhan","40c4a9c18673be6855f4b54b56501957"
"09b88e5c-d808-4996-acc7-0a9a3fc94666","Vishnu Vardhan","c1111fd8556be5e0599d5c5a747c1957"
"585f3290-78e9-4c27-a2cd-d65744cc1873","Vishnu Vardhan","c266aef512cb643f8b1b4befaf411957"
"3c7c9057-ed8f-45bf-8090-bb682bbcaecd","Vishnu Vardhan","15c11fe0b314579056dc9feda6981957"
"ca5ca612-e29a-4184-866c-fb50ffafb49e","Vishnu Vardhan","d43338965e9f206d1b86fd54d97b1957"
"97763804-5969-4707-809d-18bcbb2786c4","Vishnu Vardhan","39e05d6c8e08d0baad2f845e8a621957"
"e6396b0e-0dd6-41ec-b611-a49a3c2bceaf","Vishnu Vardhan","19bd0655c3f7111d95a6d127fac61957"
"c36fd2fd-49a9-4b3e-b9e5-06ac5d257fa8","Vishnu Vardhan","d696634b68fd259a9eef1bee138e1957"
"e8f6a1eb-48a2-4ac5-96a4-8882aec55f18","Vishnu Vardhan","d368e23be864db59779ebf70f2711957"
"c0b53694-fb9d-4c8f-ac8a-341aff6f280a","Vishnu Vardhan","f640d2666f03d1d6c4157a907deb1957"
"2535d207-5ae3-4d4c-9c54-c3b8fcb3156f","Vishnu Vardhan","39770bc5eade2bfabe0c277720a41957"
"fcd1e328-9ac0-4b81-8937-fdecf3f13572","Vishnu Vardhan",NULL
"4c287615-4b6c-486b-9479-02c705cba74b","Vishnu Vardhan","9fc9c6b4958425b2ef52b90e82d11957"
"e942f316-41b5-4e11-b468-927dab998b50","Vishnu Vardhan","eb426f2eedebd15dead08b4ce3551957"
"f836ec5c-4088-43de-9e5a-87b734194293","Vishnu Vardhan","bdb65350c832b5ff7fe8bccc652e1957"
"4f67d609-f8b8-41b6-adf0-35611405a13c","Vishnu Vardhan","c5ca845ec4ddd1280871cee14c831957"
"2e335b2f-4b83-4213-9316-57ffa7b58349","Vishnu Vardhan","b6558397f91a058cc7d3191872df1957"
"5acd7f0c-83ed-444a-836b-fa7b68ea078e","Vishnu Vardhan","1d9b675d33336dd4ad71198714b11957"
"7f2b81ab-4592-4844-9fd4-3056bd5bc19e","Vishnu Vardhan",NULL
"affd92b8-d1eb-40d1-ab5d-6f74532841a4","Vishnu Vardhan","575a0000f8e5ff7f8ae406d0dcd71957"
"580b4990-34b1-46c4-94c5-24a0b84ec58f","Vishnu Vardhan","9204a4f3d7ecd59ffd3f9e46a1dd1957"
"aba892ee-4417-43d4-aa55-a987119faf2f","Vishnu Vardhan",NULL
"95ee3034-2d53-4fbb-bca7-ea2dbb90fee2","Akhilesh","2b325d38d0a4753db49b3416c6ff1957"
"6068852d-24e2-4d98-be27-4cb93b5d605a","Vishnu Vardhan",NULL
"2a4dc6da-11b7-410e-92a9-857a8aca8bfa","Vishnu Vardhan","42bd97575fa77d159303f8475b111957"
"14126b9a-654a-4daf-af20-11693a340e52","Vishnu Vardhan","d7cb7481bd1d5945d3318bfaf5eb1957"
"41174e55-c4dd-43db-8459-55f81133bfa4","Vishnu Vardhan","fea4817b15553d7cea714647141b1957"
"239b7b2c-3652-4fda-b1d8-2000939a2ccf","Vishnu Vardhan","3e2e7a484e199f37cf3e4dc46bf01957"
"d86f2281-89ae-4a0a-b755-5837f6123a1e","Vishnu Vardhan",NULL
"19489466-854e-43d5-8b2a-72d963fbcbdb","Vishnu Vardhan","c460261b3feada8c21100f5efca11957"
"39acdb39-3974-4369-b7af-1e2f649f77e1","Akhilesh",NULL
"908a6d15-f1ad-4d85-bd5e-70f0f9aed8cb","Ayush ","24754fc332e469aec51ff9aba0291956"
"81935021-487d-4ccd-8204-1fec8ba7544e","Ayush ","f2ea3b9378a404d9000f9d5ff3fc1956"
"f1208f5a-d92f-4cc5-a4a7-be12582647f4","Vishnu Vardhan","5d8d720f9a616ffd633fc5254ba41956"
"cb84a2cf-21eb-4bc1-bc30-69ae242f3fab","Ayush ","82ad7745c3463d5e6e13095e8d951956"
"2d05694b-73cd-4849-afa2-71962911f119","Vishnu Vardhan","3729b917e78c3ff78e89034584461956"
"ddd735d6-f74c-4081-be81-3f8cddcc584f","Ayush ","db56b6bee284d74c6b5d20222bd41956"
"9fbbf0e1-b91f-4b74-bbaf-d90ed4984c96","Ayush ","68dda756623203225b0918e7aa361956"
"7f5bdc16-c941-4f0e-8af0-6d549d6d47a5","Akhilesh","6c2c4b336ca5e1f198ad5e9bca251956"
"379fd704-8fee-44fa-8a8c-e2f29bdb87f8","Akhilesh","3098a0d68ba60d5fa292d592ed8f1956"
"0cae5285-f720-412e-aa88-4fd0140f074c","Akhilesh","15256cb10a94a0a652eaddb3bda71956"
"35b2ee05-dc65-40a5-af48-525b3d212369","Ayush ","ce0b089405333927592f50321de81956"
"083fe542-b80f-455c-8c8b-0b4ba35d7b49","Vishnu Vardhan","f9edf735fd1245cab49fcc8bd5b21956"
"288c699d-659a-423f-bb7c-fb2ca916ab2c","Adit Lal","bee548a305a9d1214a61ab5c03fe1956"
"32fad765-00c2-4abe-bb60-e397e99c8265","Ayush ","992fd18225b12590025b6e07bf561956"
"1c1f8cf3-bd58-4ccb-8272-aba28ed443c2","Ayush ",NULL
"eb227884-c7a2-4ec7-b501-c2743a18c872","Ayush ","6fa1fa57e6eac91a5458c2b09b351956"
"87568fae-7c11-455e-ad33-48a2fb32b7e8","Ayush ","f1137e81f6def2281a7d6917381c1956"
"12f90a44-d6fd-4650-b05d-220ada6465fd","Akhilesh","d6be56749772acc0b9e59d4aaa441956"
"18a1c58e-1ccb-44dc-b819-0c3e33642bb4","Akhilesh","67c4cbd85e4cd1dd01c01b2d86b01956"
"3f75ec05-f883-47fe-9145-f25d17f55c5f","Akhilesh","e446d6adaa0947f76b99d002a07b1956"
"b2bb68cb-5aea-47c5-a94e-64e5780ea6dc","Akhilesh","cd31ba49bb5d7ee8671fa3a542851956"
"d3b35f90-8ce0-4112-8d1e-57abbb9fc4dc","Ayush ","5fb2e9af8dcfe36fa0899c42b40a1956"
"cf91eb11-3c80-41dc-be8b-568c63a0ec87","Ayush ","ca7a05dec49620ebbc285d69e6a01956"
"580b382f-4bb0-461c-8518-146fed707a3a","Akhilesh","d5a9567aed19c8cf6bbb74eaf55d1956"
"93029f26-38aa-46af-854d-5498334ae421","Vishnu Vardhan","904bfb2fa2a173705aa42e64cfa41956"
"532514d8-1981-4a5f-91ff-2833d5483a2b","Vishnu Vardhan",NULL
"39231050-d4ae-4f05-97d8-4456525127cb","Ayush ",NULL
"b685e8f2-7d2c-4807-bb02-4ddcc0d3dfda","Adit Lal","57ecb1c3c86dc2cbdc9e831e58571956"
"5cec9954-f292-41a8-904c-a59b9f3ba9fa","Adit Lal",NULL
"2467c790-9ef3-437f-ab4d-f9dc33d954b4","Adit Lal",NULL
"9e545cb5-64bb-475e-bd91-5ec8baa66e03","Vishnu Vardhan","c0ec7475f6d6fe8d71af343175821956"
"65bd5b95-773b-4fe9-80f3-6436bf5ce6a4","Vishnu Vardhan","3d5bb90a2cf84dd6908f6c1bdaaf1956"
"87ad7f6b-3934-46c1-ba84-147147763ff5","Vishnu Vardhan","6c9252ae49b65c92ea00553650151956"
"9b406dc7-14b6-4e1c-a37f-53ccdcbe27f9","Adit Lal",NULL
"44e2ee62-5b62-412e-98a1-f768e88bba4f","Adit Lal",NULL
"5e659942-b2b6-4010-82a5-17dce727a5f9","Adit Lal",NULL
"edf8936a-f1f4-4f40-b1fe-9038fcf9b8b2","Adit Lal",NULL
"24513ceb-8ae6-4651-b9c3-3205a72ff73d","Adit Lal",NULL
"20d03586-6d03-48ba-9d79-5bdf908a4e07","Akhilesh","ee067a2db513ef1537b4bd6949f91955"
"c3cb2f54-706e-4393-beeb-f8276fba4c4a","Akhilesh","ee2c6227c76a01d2843d74bac8ee1955"
"b06e187f-ee7f-417b-9210-de44c8a6016c","Akhilesh",NULL
"4ec8367d-810f-4205-bd12-dae4c2e6bbdb","Akhilesh","db405f6f18b052ab71b8fd271fdf1955"
"92628c7d-b7fd-4f2d-881a-e44018b659be","Akhilesh","04876c80b3ef73b7280bbef5d7271955"
"769270c7-1541-4421-82c4-28c15a951260","Akhilesh","bc54f30f0241c02c80de3eea34901955"
"1f5d1c8d-404d-47c2-b79d-5c408a864493","Ayush ",NULL
"892538e4-f8a8-44d0-bcac-5d2f65221557","Akhilesh","718f25f0a29cdf37f12ad432bd651955"
"9190c7d4-1503-4975-bdbf-56cded976088","Akhilesh","e7d0ab540cff90400a7dc2b4e1fc1955"
"c119a872-7e0f-4885-9478-2cef58c696b1","Akhilesh","28a5861c239957073c62a01e9c031955"
"127c7a2f-a597-44d0-9c33-908da74a88df","Akhilesh","9d29992117b91fb90cf7fa592a0b1955"
"8322a648-0845-4200-95a3-afdc4c4d0cf8","Akhilesh","f83ed30449f0c775656e51bc74d11955"
"b156a629-2103-4e27-905f-01602bf760a5","Akhilesh","370b9d1c9bde8a7b042e2023ee9d1955"
"5b48e4cc-0ac0-4ffd-a377-926f6d397529","Akhilesh","5fbcc817b7a1b2eaedbdd97970721955"
"a88681db-3ba5-462c-b4e4-f19da4b4f8d4","Vishnu Vardhan","69bb011af86e63da8fd6454d881f1955"
"73ad324a-14d5-4515-8f3e-5a0bb479a574","Akhilesh","11c56aa3da65d7511cd5406c3a6d1955"
"8c944de4-0514-407d-8841-253e6f0786df","Akhilesh","2e10451d9c7d22950c8f4bba37ca1955"
"bc5b1b35-7571-4b5c-86ed-5c6537b92c63","Akhilesh","e33bfb0e213666843dd1c24b74fb1955"
"498665c2-a9e5-41b3-8191-6dfd3a310054","Vishnu Vardhan","02dc4a72ee2222bb9abb383136871955"
"64a2ffca-664f-4bf0-a43c-6211207d66d5","Vishnu Vardhan",NULL
"ae14982c-b7b3-49d6-b730-bb54317fcc18","Adit Lal",NULL
"cf20324f-1780-43b7-9cf3-7a0fcecb579f","Vishnu Vardhan","4b8e43dd25389aaeb11cf64c26581955"
"a104203b-6f95-4290-895f-974c9dd7b51f","Vishnu Vardhan","04ccade9ad5d51a2c1e2e3f60cb21955"
"d5f594e1-9d2c-4351-8f70-606fb8876988","Vishnu Vardhan","52df350b40bd402920a412ef31461955"
"95fe8972-fde0-4ed2-9962-3cfe4d24d136","Vishnu Vardhan","e0b7c27aae624fde0a524c3b87e41955"
"c23e438d-2fea-48fc-925a-76ad49dd6923","Vishnu Vardhan","4beeea04aa0a63203fe141e02d4c1955"
"3d7ae2be-852e-4cbc-ab7e-b8e26fbbbece","Vishnu Vardhan","6dc042859df51c953401c1dca7931955"
"62ec7816-7d59-4a46-bc4c-ca2d520f8ff0","Vishnu Vardhan","d35fc97a61ce20c6db1c5cafdb721955"
"9e579cc0-9774-488d-963a-3136c896968d","Vishnu Vardhan","c6ade8bc3d8d5286ae146ce444821955"
"fc3acf00-9349-4b55-84f9-a333e7cd7ac6","Vishnu Vardhan","5e4b1c0d1c8e1bbac9e179f7cd8e1955"
"6f567aca-33d8-4ef6-9e10-eb29ab2daa3c","Vishnu Vardhan","e9e08db41837fbc471cbaf153dd01955"
"b4213671-4233-4c2d-857f-1d0d13e20065","Vishnu Vardhan",NULL
"8be61e33-8298-4cfc-bd8e-bfa5511191d6","Ayush ","dee9ce04d6d42ec68370efc835961955"
"273ebebf-4c01-41f2-aa13-57a2675ce058","Adit Lal",NULL
"40b41889-6d38-44f0-83cf-385b2f699c6c","Adit Lal",NULL
"4f0e57ba-bf85-4a89-bf83-6481a732c6e6","Adit Lal",NULL
"80c272c6-9427-45f9-bf71-8115a39581a4","Vishnu Vardhan","e92f17517692c553184ea521ee071955"
"0325a8f0-a057-4c29-8452-263b8498b476","Akhilesh","e4016c0cbc8dae031897dcc60c8b1955"
"02715ed2-11be-40c3-bcf2-f998855f9a3e","Vishnu Vardhan","a1816e80b7cf00f0e1eebff1c2361955"
"01c24ac6-9600-446c-9480-708fd24462c4","Akhilesh",NULL
"f87a42d5-e397-4e68-bf00-5ddc311fa697","Akhilesh","99d906de57b8d7b5997677ad05c71955"
"f8b527f3-4e02-40d1-8763-deea790ca7b8","Akhilesh","ad01e0cab0dfcd9058e12f35a7b01955"
"a72e94f1-9410-4a9f-a65a-1e4b273adce8","Akhilesh","3e88bcda3ac2299f17042a665a401955"
"d1f29bed-176b-4762-b6b9-bc19d4f94b49","Akhilesh",NULL
"17ed5745-b5e1-4c45-9be7-66087418ef09","Akhilesh","e06e9a5d33bc214c80b249f6e9001955"
"0fac5cc9-d41c-4302-a91c-031a28405df9","Adit Lal",NULL
"bd11b64f-c562-4755-a19a-4d65013c328e","Vishnu Vardhan","4a6ad3c20637eb3221c1f7f0c00e1955"
"1cb93f4e-82eb-4a2f-9504-0eda0d871347","Vishnu Vardhan",NULL
"c8570535-ae5a-42c0-84c5-f14cdd20c827","Akhilesh","96d28104c81ef318674bc00b60f21955"
"5ca01fde-7709-4474-b393-c4f0c36fe3be","Adit Lal",NULL
"eb8e2b32-ea33-4a76-b52c-04a3e0f076e3","Adit Lal",NULL
"ab3da343-3ed0-48bf-bdac-446f27fedb3d","Adit Lal",NULL
"a857f044-e167-4609-84b8-fd91deebdbbd","Vishnu Vardhan","969e65f231b1332830037a62c3011955"
"46fb1fa9-670a-4a06-ac1b-828940371c45","Vishnu Vardhan","c81e8005eb261002bccfb4f104821955"
"06c6bdb0-b12f-456c-997e-d04bd8441bae","Vishnu Vardhan",NULL
"b6901bd6-0a6b-4df6-987e-49191c8192cf","Akhilesh","c47ee3a382392bb8f2d2f77121d51955"
"c5261371-8f63-4c22-a6b5-d03b250dd7f4","Akhilesh",NULL
"0fc9eb32-75b0-4f72-81d7-5e5219db1db6","Akhilesh","03f95bccbe5958d78443f25367d11955"
"61efbf85-219e-42dc-847a-35cdceccc7e3","Vishnu Vardhan","b12def87f6ca85a84c33a07562f31955"
"3f7e2734-4184-47e4-9260-681a42b67a13","Vishnu Vardhan","c830b7474a8d500fcf889e8775951955"
"34617779-d690-47aa-879e-92a14e13eef6","Vishnu Vardhan","727554ea7307947166cdef2ea1f71955"
"62e52230-96d4-4016-b958-551343581db8","Vishnu Vardhan","b774125775304ddd5780b90983f51955"
"d1bac184-1ca6-435c-ab78-9920863f4cba","Vishnu Vardhan","58e954cf110c7f624b8606eb99571955"
"709384f3-690c-497c-bae8-2eb428a339a3","Vishnu Vardhan",NULL
"488cf343-2b9f-4b2b-9277-c3c83e69a76d","Vishnu Vardhan",NULL
"1c30d8d4-4e24-4a42-a164-774f35d3455b","Vishnu Vardhan",NULL
"3884f277-11f9-4799-8fd3-f2d0f86b9415","Vishnu Vardhan",NULL
"40660b1e-2801-4657-b96c-14c6283be263","Vishnu Vardhan",NULL
"1b9fe19c-be38-4b14-9c50-bd8dc16b136a","Vishnu Vardhan",NULL
"0fa0c94a-15e1-44a4-b80c-9afa07a030ac","Akhilesh",NULL
"bc716ebd-6e50-4ded-b1ff-6184217177bd","Akhilesh","4199ac0a32e1d8d3c0fd582735bf1955"
"9b4e6964-97ea-4834-8656-d145c78d6050","Vishnu Vardhan",NULL
"829d2017-06d8-4c53-a375-9f9eb9c7b788","Akhilesh",NULL
"af6ba3a7-2129-4abf-be7d-75b1b5acb6b8","Akhilesh",NULL
"c71e352b-e086-4272-87d6-f25b4769c0f9","Akhilesh","9996c89cfb83f6ee786681f1d01c1955"
"c178b213-1200-4c72-a421-ff0c798befde","Akhilesh","66ba8b94a4e096b9c1bf8460ce121955"
"e00f2399-2249-4cfc-b399-6cbd24c3bac7","Vishnu Vardhan",NULL
"e306b396-7888-4181-8df3-dc5c78e571bb","Vishnu Vardhan",NULL
"48d37a38-f8fd-4162-9b2a-9c89b704c103","Vishnu Vardhan",NULL
"b7d393ef-a13f-4a61-b9c0-5e0e8cf60b74","Akhilesh",NULL
"c80d44e9-269d-4f57-ad8f-e1a929d8e77e","Akhilesh",NULL
"de2eadab-3dc0-4370-bf78-025b8ba41810","Vishnu Vardhan","68ca790d029ac5ca665d07656eab1954"
"08d50a23-d9d6-4543-a374-5a09f28898d3","Vishnu Vardhan",NULL
"f7e0e760-856d-45f1-946a-16a8d6611d8e","Akhilesh",NULL
"5507b4d5-89ac-4847-a25b-69fc21a02521","Vishnu Vardhan","25b4ff2a5e2a044391ae3b250f681954"
"cfa13b6f-3483-4590-873e-e3c64a44bef4","Akhilesh",NULL
"f4dbdb3d-f8c4-4539-a855-6758b0348900","Akhilesh",NULL
"8ddf0eb2-ad5d-49b2-bdee-d08b0fd4715a","Akhilesh","27a397e8380a6cb83c2c43fe71841954"
"aab30824-263c-4cb0-87b6-6e3deacdb80a","Akhilesh",NULL
"911fcad1-3dc2-4ebc-a510-249c3a753d17","Akhilesh",NULL
"56de5a55-bfa2-4648-8e00-b45a0161e7d1","Akhilesh",NULL
"cf0bcebe-75bc-48c4-a4a9-c417497d4681","Akhilesh","a08de62626e2286e5af21804b9251953"
"003e49c9-a9e0-4e6f-903f-7d0c68fb0b9b","Akhilesh","c377239a2e37008edb2f98b7174d1953"
"28972ae6-5c7c-4e61-9c3e-2c3922a9f9c3","Akhilesh",NULL
"19a781dd-d87d-4708-aaac-cbb58291b877","Akhilesh",NULL
"ad1c650e-f62d-4f3c-8cac-8f151e9df0de","Akhilesh","7b8722d245f5e637b6c592fe99a81953"
"2956d13a-78cc-4858-aab2-10686b449a10","Akhilesh",NULL
"88f513e4-d4ae-465f-b462-451b50347264","Vishnu Vardhan","009dd5b02d72af2ec3e4f34afd911952"
"05f6c74f-0b2e-47dd-9ee5-c4c3344ad08e","Vishnu Vardhan",NULL
"9fd47c64-09ec-4f44-b47f-da3498e9772a","Vishnu Vardhan","3c40502dedc03355ce0ccb9208b01952"
"e8e45a61-78f8-4e27-a97f-2588ad4bfefe","Vishnu Vardhan",NULL
"74b1e917-41f1-4661-bee5-7f661f565ef9","Vishnu Vardhan","747aed03d249f2a02fde6223a5721952"
"1bc2c35e-ca6e-44ab-914c-aae53bab5afe","Vishnu Vardhan",NULL
"656ffcfb-6b7f-4ad0-b5e1-0dabb956ad44","Vishnu Vardhan","9c228842ba266fb87076517dc3571952"
"c349d2d9-2a80-46ec-bca9-a3b2c1591357","Vishnu Vardhan",NULL
"407cd1f9-c6d3-427f-88eb-8d8a3949440f","Adit Lal","39cdf9faebeb9e7f9647f82421691952"
"4a64a8e8-7219-429e-905e-88a95ded9c69","Adit Lal",NULL
"9bc648ea-0197-40b6-bfda-7f18b490ee99","Vishnu Vardhan","fc48968d6fe66afffabcc5fe1c161952"
"eed8a587-cb27-426a-8bed-a8794b2106a9","Vishnu Vardhan","661b2b342ca40e77248e90e7c51c1952"
"26fa8ab9-2e5e-4bde-86c8-fc885ca4620c","Vishnu Vardhan","5cca10adc8bb2217fea87e8088c11952"
"645fd997-7ade-4071-97b6-eb9922429ca4","Vishnu Vardhan",NULL
"50a18339-d09f-4b66-a307-bb03cde47f44","Vishnu Vardhan","01d6b3f2c66e321c245f965553131952"
"86c93f8f-d3ee-4271-81d0-13e0275e0954","Vishnu Vardhan","1b6113b9f6301ab3b270cfc58fc11952"
"a2039234-fe31-4234-812d-d0c7b6f1589f","Vishnu Vardhan","a38a5dd3850c1d1c6a1f1eec3e6b1952"
"c3566652-0cab-484a-9337-ebcdd06059ed","Vishnu Vardhan",NULL
"0616b91c-9f8c-401a-bee0-d1f9b65287ef","Vishnu Vardhan",NULL
"9b96bce4-e0c4-4be4-b413-09c29e6e2289","Vishnu Vardhan",NULL
"30d91021-d43f-4643-9736-05a2206360aa","Vishnu Vardhan",NULL
"b2c07ebc-e648-4106-930d-c186f5b3fe04","Vishnu Vardhan",NULL
"52d7247c-1d9d-480d-9921-649019162238","Vishnu Vardhan",NULL
"e504e601-6488-4d2c-99a9-3edd72893ebb","Vishnu Vardhan",NULL
"91f024d7-80c9-460f-9176-14d6ce68fe8e","Vishnu Vardhan",NULL
"01a3b909-1cba-4c34-9131-9185f010f9fc","Akhilesh",NULL
"2ac6d40d-2504-41c2-9cca-8a3abdee125c","Akhilesh","7e74737b301ee6101a9f3b0ee46b1952"
"0f740a25-704a-4d31-97ec-715b8dbd91a4","Akhilesh","9a69b8063a39510beb268e6a60b41952"
"10452b36-2aec-4ad1-b426-7f4065ff2738","Vishnu Vardhan",NULL
"672079c7-534a-444c-8c3f-ea6fff1d79e5","Vishnu Vardhan",NULL
"366812d4-e27b-4aea-bb4c-8859548254c2","Vishnu Vardhan",NULL
"566a97ee-eb09-4a77-9745-3a41dbf2b1be","Vishnu Vardhan",NULL
"e9c7e4de-f0a7-4f86-852c-dab235bbb6f4","Vishnu Vardhan",NULL
"deb2afb0-0d7b-450c-b59a-155afd8ba234","Vishnu Vardhan",NULL
"1ebf5dce-6836-47ee-a95a-5637f545add2","Vishnu Vardhan",NULL
"110abe63-54a1-4a2f-8425-facfeb2e9d6d","Vishnu Vardhan",NULL
"04532e2d-cc59-490a-9b5a-523ea7b950cc","Vishnu Vardhan",NULL
"e936b0f7-a042-445b-8e54-f0955802f6f1","Vishnu Vardhan",NULL
"462cf2f1-7c23-4131-b2ae-9c018680b859","Adit Lal",NULL
"98461766-faf2-410e-b987-4c35c28b62ef","Adit Lal","28c879571b2e723dd90959890cea1952"
"90666f73-2bf7-4009-b1e0-dd8aa054b896","Adit Lal",NULL
"520ebd58-0376-41b6-b1c9-e5e9d94c4f4f","Vishnu Vardhan",NULL
"ec99f0fc-70a9-4a19-b334-0c73a786373f","Vishnu Vardhan",NULL
"50869bd2-1ac7-434e-988a-bd887d8808e9","Akhilesh","e913fc5a0f251ae19e355c62434e1952"
"1f0bb9ad-b85a-47c8-a7d0-6925f86fa6fa","Vishnu Vardhan","d3157e97f3b89897db80d31038891952"
"4623feb5-8b85-444f-bf90-6263317d9dfe","Vishnu Vardhan","86ff163209505f63594a74f019951952"
